City_ID,City,Country,Lat,Lng,Max Temp,Humidity,Cloudiness,Wind Speed,Current Description
0,Taltal,CL,-25.4,-70.4833,60.98,71,100,0.96,overcast clouds
1,Desbiens,CA,48.4178,-71.9495,83.05,70,100,14.38,overcast clouds
2,Mataura,NZ,-46.1927,168.8643,47.48,93,100,2.3,light rain
3,Warri,NG,5.5167,5.75,74.08,96,100,1.95,overcast clouds
4,Hobart,AU,-42.8794,147.3294,47.26,74,40,9.22,scattered clouds
5,Port Alfred,ZA,-33.5906,26.891,55.99,59,4,4.45,clear sky
6,Rikitea,PF,-23.1203,-134.9692,74.84,71,0,5.19,clear sky
7,Dalbandin,PK,28.8947,64.4101,86.32,37,2,4.56,clear sky
8,Soe,ID,-9.8607,124.284,69.78,81,68,5.46,light rain
9,Ostrovnoy,RU,68.0531,39.5131,41.88,93,48,8.16,scattered clouds
10,Diez,DE,50.3667,8.0167,65.68,99,100,3.67,heavy intensity rain
11,Albany,US,42.6001,-73.9662,83.05,66,24,1.01,few clouds
12,Risor,NO,58.7206,9.2342,65.28,95,100,3.98,overcast clouds
13,Port Blair,IN,11.6667,92.75,77.04,100,40,0.0,mist
14,Evensk,RU,61.95,159.2333,53.26,82,54,7.07,broken clouds
15,Faanui,PF,-16.4833,-151.75,79.7,75,9,17.49,light rain
16,Longyearbyen,SJ,78.2186,15.6401,42.64,75,75,9.22,broken clouds
17,Fare,PF,-16.7,-151.0167,80.13,74,22,18.84,light rain
18,Rundu,NA,-17.9333,19.7667,55.02,49,0,11.97,clear sky
19,Jamestown,US,42.097,-79.2353,76.59,91,100,5.75,overcast clouds
20,Punta Arenas,CL,-53.15,-70.9167,44.71,76,40,24.16,scattered clouds
21,Shemgang,BT,27.2169,90.6579,62.8,98,100,0.36,overcast clouds
22,Busselton,AU,-33.65,115.3333,64.49,76,91,14.38,overcast clouds
23,Mogok,MM,22.9167,96.5,67.82,93,100,3.29,overcast clouds
24,Bethel,US,41.3712,-73.414,78.19,59,60,9.42,broken clouds
25,Winslow,US,35.0242,-110.6974,66.38,72,100,13.8,overcast clouds
26,Guerrero Negro,MX,27.9769,-114.0611,79.63,54,17,14.27,few clouds
27,Santa Pola,ES,38.1917,-0.5658,71.67,91,75,3.44,broken clouds
28,Ponta Do Sol,PT,32.6667,-17.1,66.83,52,22,6.58,few clouds
29,Pevek,RU,69.7008,170.3133,34.32,84,5,12.77,clear sky
30,Camacha,PT,33.0833,-16.3333,63.82,68,40,11.5,scattered clouds
31,Saskylakh,RU,71.9167,114.0833,41.9,55,88,13.29,overcast clouds
32,Quchan,IR,37.106,58.5095,75.74,27,0,6.82,clear sky
33,Vaini,TO,-21.2,-175.2,80.76,65,20,4.61,few clouds
34,Cumbum,IN,9.7333,77.3,72.82,84,100,8.23,overcast clouds
35,New Norfolk,AU,-42.7826,147.0587,46.92,57,100,3.11,overcast clouds
36,Kushmurun,KZ,52.4503,64.6311,52.81,75,28,11.61,scattered clouds
37,Abrau-Dyurso,RU,44.69,37.59,65.66,86,100,8.59,overcast clouds
38,Kudahuvadhoo,MV,2.6708,72.8944,81.84,77,100,10.89,heavy intensity rain
39,Puerto Ayora,EC,-0.7393,-90.3518,69.55,95,76,8.28,broken clouds
40,Kavaratti,IN,10.5669,72.642,82.54,78,100,19.73,overcast clouds
41,Iqaluit,CA,63.7506,-68.5145,51.53,53,40,17.27,scattered clouds
42,Elko,US,41.0002,-115.5012,83.05,18,83,17.0,broken clouds
43,Ushuaia,AR,-54.8,-68.3,42.46,93,100,21.85,light rain
44,Sungaipenuh,ID,-2.0833,101.3833,68.7,83,30,0.49,scattered clouds
45,Riyadh,SA,24.6877,46.7219,89.74,19,33,11.7,scattered clouds
46,Pacific Grove,US,36.6177,-121.9166,77.81,80,0,10.36,clear sky
47,Ribeira Grande,PT,38.5167,-28.7,66.18,78,81,10.29,broken clouds
48,Mehamn,NO,71.0357,27.8492,49.91,71,22,6.91,few clouds
49,Abu Samrah,SY,35.3029,37.1841,68.76,61,0,7.0,clear sky
50,Cidreira,BR,-30.1811,-50.2056,58.24,72,100,14.14,overcast clouds
51,Hobyo,SO,5.3505,48.5268,78.49,74,6,27.67,clear sky
52,Bemidji,US,47.4736,-94.8803,63.9,72,0,8.05,clear sky
53,Hailey,US,43.5196,-114.3153,82.8,24,0,9.22,clear sky
54,Severo-Kurilsk,RU,50.6789,156.125,46.83,97,100,11.32,overcast clouds
55,Port Hardy,CA,50.6996,-127.4199,68.18,64,40,9.22,fog
56,Golpayegan,IR,33.4537,50.2884,63.72,25,0,3.42,clear sky
57,Abu Dhabi,AE,24.4667,54.3667,89.62,81,0,4.61,clear sky
58,Kibre Mengist,ET,5.8833,38.9833,57.49,87,100,3.13,overcast clouds
59,Shenjiamen,CN,29.9576,122.298,76.86,92,100,23.78,overcast clouds
60,Itoman,JP,26.1247,127.6694,87.82,74,40,16.11,scattered clouds
61,East London,ZA,-33.0153,27.9116,56.48,52,68,4.47,broken clouds
62,Victoria,HK,22.2855,114.1577,87.96,78,78,4.0,broken clouds
63,Geraldton,AU,-28.7667,114.6,54.01,76,0,8.05,clear sky
64,Cayenne,GF,4.9333,-52.3333,79.09,1,0,2.3,clear sky
65,Grindavik,IS,63.8424,-22.4338,42.75,87,75,10.36,broken clouds
66,Priargunsk,RU,50.3691,119.1012,72.73,64,6,1.63,clear sky
67,Hibbing,US,47.4272,-92.9377,62.02,44,0,21.85,clear sky
68,Tiznit,MA,29.5833,-9.5,62.78,77,0,4.38,clear sky
69,Port Elizabeth,ZA,-33.918,25.5701,51.31,99,0,4.61,clear sky
70,Arraial Do Cabo,BR,-22.9661,-42.0278,66.88,68,100,15.52,overcast clouds
71,Cape Town,ZA,-33.9258,18.4232,55.9,77,0,5.01,fog
72,Waitati,NZ,-45.75,170.5667,48.79,77,100,9.64,light rain
73,Invermere,CA,50.5167,-116.0354,81.36,19,59,2.01,broken clouds
74,Fairbanks,US,64.8378,-147.7164,79.61,34,0,10.36,smoke
75,Barrow,US,71.2906,-156.7887,68.02,45,0,14.97,clear sky
76,Hambantota,LK,6.1241,81.1185,75.54,100,20,1.14,few clouds
77,Balkanabat,TM,39.5108,54.3671,81.28,55,6,1.74,clear sky
78,Caravelas,BR,-17.7125,-39.2481,72.68,69,97,13.94,overcast clouds
79,Lavrentiya,RU,65.5833,-171.0,42.39,99,100,7.47,light rain
80,Vrede,ZA,-27.4257,29.1659,36.97,59,0,3.83,clear sky
81,Egvekinot,RU,66.3167,-179.1667,38.07,98,100,3.67,overcast clouds
82,Kapaa,US,22.0752,-159.319,85.98,71,20,11.5,few clouds
83,Dabwali,IN,29.95,74.7333,94.1,44,4,7.9,clear sky
84,Tasiilaq,GL,65.6145,-37.6368,39.36,70,13,5.17,few clouds
85,Aklavik,CA,68.2191,-135.0107,78.51,30,100,9.48,overcast clouds
86,Seoul,KR,37.5683,126.9778,82.0,78,100,8.05,overcast clouds
87,Hilo,US,19.7297,-155.09,87.28,74,100,9.22,overcast clouds
88,Buin,CL,-33.7333,-70.75,54.05,63,100,3.13,overcast clouds
89,Laguna,US,38.421,-121.4238,106.32,17,0,9.22,clear sky
90,Kasongo-Lunda,CD,-6.4667,16.8167,67.01,46,9,2.08,clear sky
91,Hermanus,ZA,-34.4187,19.2345,53.8,71,1,10.87,clear sky
92,Khawhai,IN,23.3667,93.1167,63.97,97,100,0.98,overcast clouds
93,Genhe,CN,50.7833,121.5167,69.93,74,6,5.21,clear sky
94,Gillette,US,44.2911,-105.5022,72.52,32,0,7.52,clear sky
95,Qasigiannguit,GL,68.8193,-51.1922,43.05,91,69,3.87,broken clouds
96,Ngunguru,NZ,-35.6167,174.5,59.65,59,11,4.85,few clouds
97,Mar Del Plata,AR,-38.0023,-57.5575,44.1,72,0,4.61,clear sky
98,San Patricio,US,28.017,-97.5169,92.12,59,0,15.95,clear sky
99,Saint George,US,37.1041,-113.5841,93.79,18,0,21.85,clear sky
100,Bluff,NZ,-46.6,168.3333,47.8,60,100,13.49,overcast clouds
101,Launceston,AU,-41.45,147.1667,45.16,70,49,1.14,scattered clouds
102,Comodoro Rivadavia,AR,-45.8667,-67.5,51.66,25,0,13.8,clear sky
103,North Platte,US,41.1239,-100.7654,76.32,34,40,5.75,scattered clouds
104,Noumea,NC,-22.2763,166.4572,80.58,99,26,10.96,scattered clouds
105,Pustoshka,RU,56.3355,29.369,65.91,83,87,4.23,overcast clouds
106,Butaritari,KI,3.0707,172.7902,82.83,72,8,15.88,clear sky
107,Am Timan,TD,11.0297,20.2827,75.02,78,100,6.26,overcast clouds
108,Bacolod,PH,10.6667,122.95,81.16,83,99,4.94,overcast clouds
109,Mahebourg,MU,-20.4081,57.7,66.25,82,40,3.44,scattered clouds
110,Chulman,RU,56.8479,124.9104,66.06,71,98,5.12,overcast clouds
111,Norman Wells,CA,65.282,-126.8329,71.64,33,40,5.75,scattered clouds
112,Turayf,SA,31.6725,38.6637,70.05,64,0,16.11,clear sky
113,Bonoua,CI,5.2741,-3.595,80.22,92,88,4.29,overcast clouds
114,Bilma,NE,18.6853,12.9164,90.28,14,90,6.62,overcast clouds
115,Lac Du Bonnet,CA,50.2536,-96.0612,61.0,64,8,4.56,clear sky
116,Avarua,CK,-21.2078,-159.775,77.05,69,100,23.02,overcast clouds
117,Marquette,US,46.5333,-87.6335,48.45,75,100,15.86,overcast clouds
118,Ahipara,NZ,-35.1667,173.1667,59.25,59,60,3.91,broken clouds
119,Vao,NC,-22.6667,167.4833,72.41,74,12,16.51,few clouds
120,Saint Anthony,US,45.0205,-93.218,71.53,44,75,18.41,broken clouds
121,Rosario Oeste,BR,-14.8361,-56.4275,69.62,58,1,3.4,clear sky
122,Castro,BR,-24.7911,-50.0119,51.55,89,100,7.4,overcast clouds
123,Nome,US,64.5011,-165.4064,52.16,93,100,11.5,mist
124,Rocha,UY,-34.4833,-54.3333,42.04,84,100,4.74,overcast clouds
125,Mutis,CO,6.2262,-77.4044,77.22,89,97,4.72,moderate rain
126,Winkler,CA,49.1817,-97.941,71.6,52,59,8.05,broken clouds
127,Chokurdakh,RU,70.6333,147.9167,47.62,41,6,16.15,clear sky
128,Waingapu,ID,-9.6567,120.2641,81.19,66,100,10.54,overcast clouds
129,Hanzhong,CN,33.0728,107.0303,75.88,72,5,0.76,clear sky
130,Aleksandrovka,UA,46.8383,32.7612,66.96,81,100,9.06,overcast clouds
131,Nikolskoye,RU,59.7035,30.7861,66.09,70,0,4.76,clear sky
132,Vardo,NO,70.3705,31.1107,46.38,81,100,8.05,overcast clouds
133,Jiazi,CN,22.8779,116.067,85.46,71,11,5.55,few clouds
134,Trinidad,BO,-14.8333,-64.9,68.02,69,94,2.39,overcast clouds
135,Chuy,UY,-33.6971,-53.4616,45.86,83,100,4.5,overcast clouds
136,Olinda,BR,-8.0089,-34.8553,74.93,88,75,8.05,broken clouds
137,Tuban,ID,-6.8976,112.0649,78.28,85,100,11.3,overcast clouds
138,Touros,BR,-5.1989,-35.4608,77.27,84,1,12.71,clear sky
139,Joshimath,IN,30.5667,79.5667,72.88,86,82,2.37,broken clouds
140,Lazaro Cardenas,MX,17.9583,-102.2,80.96,75,89,8.19,overcast clouds
141,Maniitsoq,GL,65.4167,-52.9,38.97,95,100,28.07,light rain
142,Devonport,AU,-41.1667,146.35,45.09,63,98,0.89,overcast clouds
143,Kruisfontein,ZA,-34.0033,24.7314,48.36,54,6,5.26,clear sky
144,Khatanga,RU,71.9667,102.5,47.84,50,10,14.7,clear sky
145,Kadaya,RU,50.9327,119.2911,71.94,65,6,2.46,clear sky
146,Raudeberg,NO,61.9875,5.1352,56.07,89,100,13.8,overcast clouds
147,Katsuura,JP,35.1333,140.3,80.89,76,5,12.62,clear sky
148,Saurimo,AO,-9.6608,20.3916,58.06,48,0,7.52,clear sky
149,Luderitz,NA,-26.6481,15.1594,74.93,36,0,31.09,clear sky
150,Asau,RO,46.4333,26.4,63.95,100,61,4.63,broken clouds
151,Imeni Morozova,RU,59.9757,31.0376,66.24,1,0,5.84,clear sky
152,Faya,SA,18.3851,42.4509,70.32,41,100,4.94,overcast clouds
153,Atuona,PF,-9.8,-139.0333,77.45,75,41,21.0,scattered clouds
154,Kodiak,US,57.79,-152.4072,58.51,63,0,16.11,clear sky
155,Pierre,US,44.3683,-100.351,77.92,35,0,6.91,clear sky
156,Alyangula,AU,-13.8483,136.4192,79.41,67,33,19.35,scattered clouds
157,Sola,VU,-13.8833,167.55,83.07,79,75,5.75,broken clouds
158,Arucas,ES,28.1198,-15.5233,68.83,73,88,13.6,overcast clouds
159,Kununurra,AU,-15.7667,128.7333,75.18,33,100,11.5,overcast clouds
160,Sinnamary,GF,5.3833,-52.95,76.8,80,100,4.18,overcast clouds
161,Ola,RU,59.5833,151.2833,66.15,85,55,6.24,broken clouds
162,Airai,TL,-8.9266,125.4092,65.41,73,94,4.05,overcast clouds
163,Carnarvon,AU,-24.8667,113.6333,68.09,45,0,12.97,clear sky
164,Yellowknife,CA,62.456,-114.3525,59.52,44,40,17.27,scattered clouds
165,Qaanaaq,GL,77.484,-69.3632,44.89,66,100,4.81,overcast clouds
166,Bambous Virieux,MU,-20.3428,57.7575,66.22,82,40,3.44,scattered clouds
167,Hasaki,JP,35.7333,140.8333,90.28,71,3,6.02,clear sky
168,De Aar,ZA,-30.6497,24.0123,46.62,48,0,3.15,clear sky
169,Sadri,IN,25.1833,73.4333,84.02,61,32,10.6,scattered clouds
170,Vila Franca Do Campo,PT,37.7167,-25.4333,69.19,84,91,3.09,overcast clouds
171,Tuatapere,NZ,-46.1333,167.6833,46.92,79,100,5.53,overcast clouds
172,Olavarria,AR,-36.8927,-60.3225,44.02,85,100,8.84,overcast clouds
173,Westport,US,41.1415,-73.3579,78.62,62,0,7.0,clear sky
174,Bilibino,RU,68.0546,166.4372,50.54,41,98,14.61,overcast clouds
175,Ous,RU,60.9058,61.5186,42.89,84,42,7.34,scattered clouds
176,Shakawe,BW,-18.3667,21.85,54.32,63,3,8.61,clear sky
177,Urengoy,RU,65.9667,78.3667,53.38,54,100,10.16,overcast clouds
178,Mogwase,ZA,-25.185,27.2665,49.91,51,8,4.18,clear sky
179,Batsfjord,NO,70.6345,29.7185,49.93,81,48,6.91,scattered clouds
180,Gat,IL,31.61,34.7642,75.4,75,0,4.12,clear sky
181,Half Moon Bay,US,37.4636,-122.4286,86.88,71,100,25.32,overcast clouds
182,Ancud,CL,-41.8697,-73.8203,43.23,82,58,7.99,broken clouds
183,Shibetsu,JP,43.659,145.132,65.1,94,75,3.44,broken clouds
184,Udachnyy,RU,66.4167,112.4,47.57,65,100,14.83,overcast clouds
185,Bredasdorp,ZA,-34.5322,20.0403,47.7,81,1,3.6,clear sky
186,Narasannapeta,IN,18.4167,84.05,82.94,79,95,7.38,overcast clouds
187,Kologriv,RU,58.8275,44.3178,61.74,97,91,7.7,overcast clouds
188,Hargeysa,SO,9.56,44.065,69.8,57,100,30.85,overcast clouds
189,Kiama,AU,-34.6833,150.8667,60.58,61,22,5.99,few clouds
190,Leningradskiy,RU,69.3833,178.4167,34.93,90,100,6.04,light snow
191,Nalut,LY,30.3333,10.85,88.02,14,0,11.88,clear sky
192,Itarema,BR,-2.9248,-39.9167,76.98,87,17,8.75,few clouds
193,Paramonga,PE,-10.6667,-77.8333,63.28,86,53,8.12,broken clouds
194,Lowestoft,GB,52.4752,1.7516,59.02,74,47,8.75,scattered clouds
195,Dikson,RU,73.5069,80.5464,34.12,86,95,18.95,overcast clouds
196,Georgetown,MY,5.4112,100.3354,84.13,93,20,3.44,few clouds
197,Korla,CN,41.7597,86.1469,83.97,26,81,4.38,broken clouds
198,Volkhov,RU,59.9258,32.3382,61.93,73,56,4.63,broken clouds
199,Richards Bay,ZA,-28.783,32.0377,61.09,72,98,4.41,overcast clouds
200,Jahangirabad,IN,28.4167,78.1,91.47,50,45,9.37,scattered clouds
201,Jerez,GT,14.1,-89.75,69.08,93,100,2.15,overcast clouds
202,Kurtamysh,RU,54.9103,64.4319,47.88,87,100,12.46,overcast clouds
203,Pangkalanbuun,ID,-2.6833,111.6167,80.17,83,50,1.16,scattered clouds
204,Vanavara,RU,60.34,102.2797,68.38,67,89,5.95,overcast clouds
205,Belmonte,BR,-15.8631,-38.8828,72.77,82,63,15.21,broken clouds
206,Ketchikan,US,55.3422,-131.6461,73.87,46,0,9.22,clear sky
207,Prince Rupert,CA,54.3161,-130.3201,62.29,91,100,19.57,overcast clouds
208,Ucluelet,CA,48.9329,-125.5528,82.71,59,100,5.59,overcast clouds
209,Esperance,AU,-33.8667,121.9,58.48,55,2,20.27,clear sky
210,Marzuq,YE,14.4,46.4667,82.31,32,100,4.03,overcast clouds
211,Ballina,AU,-28.8667,153.5667,66.02,65,16,7.72,few clouds
212,Souillac,MU,-20.5167,57.5167,61.18,82,40,3.44,scattered clouds
213,Cherskiy,RU,68.75,161.3,52.25,25,0,16.02,clear sky
214,Ko Samui,TH,9.5357,99.9357,80.51,89,20,0.0,few clouds
215,Kaputa,ZM,-8.4689,29.6619,62.11,64,0,5.99,clear sky
216,Jalu,LY,29.0331,21.5482,85.78,22,0,11.12,clear sky
217,Kano,NG,12.0001,8.5167,73.29,94,0,6.91,clear sky
218,Anadyr,RU,64.75,177.4833,50.5,81,75,8.95,broken clouds
219,Ambilobe,MG,-13.2,49.05,63.39,79,55,4.07,broken clouds
220,Padang,ID,-0.9492,100.3543,77.05,73,11,2.3,few clouds
221,Cairns,AU,-16.9167,145.7667,78.75,65,75,21.85,broken clouds
222,Necochea,AR,-38.5473,-58.7368,41.7,70,10,13.18,clear sky
223,Pyra,RU,56.2953,43.3527,55.11,74,2,6.15,clear sky
224,Sosva,RU,59.1766,61.8558,45.73,84,100,8.19,overcast clouds
225,Muisne,EC,0.6,-80.0333,74.41,84,86,8.5,overcast clouds
226,Tazovskiy,RU,67.4667,78.7,48.78,50,100,13.71,overcast clouds
227,Pangnirtung,CA,66.1451,-65.7125,39.81,99,100,1.72,overcast clouds
228,Cooma,AU,-36.2333,149.1333,41.97,57,56,13.51,broken clouds
229,Purpe,RU,64.4803,76.6897,57.34,70,97,10.47,overcast clouds
230,Dingle,PH,10.9995,122.6711,79.34,86,100,2.42,overcast clouds
231,Lebu,CL,-37.6167,-73.65,51.28,92,81,6.96,broken clouds
232,Goya,AR,-29.14,-59.2626,53.29,80,100,5.5,moderate rain
233,Macia,MZ,-25.0269,33.0989,59.38,97,22,6.29,light rain
234,Migori,KE,-1.0634,34.4731,59.52,80,31,5.95,scattered clouds
235,Husavik,IS,66.0449,-17.3389,41.31,83,93,3.31,overcast clouds
236,Svetlaya,RU,46.5389,138.3297,58.96,85,39,9.08,scattered clouds
237,Grand Gaube,MU,-20.0064,57.6608,66.38,66,4,3.0,clear sky
238,Skjervoy,NO,70.0311,20.9714,66.2,75,89,14.05,overcast clouds
239,Kaitangata,NZ,-46.2817,169.8464,45.88,88,100,4.76,moderate rain
240,Byron Bay,AU,-28.65,153.6167,65.95,54,63,7.52,broken clouds
241,Kakrala,IN,27.9,79.2,91.08,51,14,11.54,few clouds
242,Nijar,ES,36.9665,-2.206,60.44,77,0,5.75,clear sky
243,Constitucion,CL,-35.3333,-72.4167,51.8,85,9,3.91,clear sky
244,Victor Harbor,AU,-35.5667,138.6167,52.0,82,5,2.55,clear sky
245,Henties Bay,NA,-22.116,14.2845,67.93,48,2,9.22,clear sky
246,Mareeba,AU,-17.0,145.4333,74.12,88,98,6.49,overcast clouds
247,Teya,RU,60.3778,92.6267,62.55,98,100,0.87,overcast clouds
248,Paamiut,GL,61.994,-49.6678,39.6,90,99,19.3,overcast clouds
249,Jardim,BR,-21.4803,-56.1381,64.76,78,14,4.61,few clouds
250,Lagoa,PT,39.05,-27.9833,64.33,81,100,10.69,overcast clouds
251,Novyy Urengoy,RU,66.0833,76.6333,53.73,44,100,12.66,overcast clouds
252,Tiksi,RU,71.6872,128.8694,34.7,73,15,9.98,few clouds
253,General Delgado,PY,-27.1667,-56.5167,58.17,89,100,4.47,overcast clouds
254,Thompson,CA,55.7435,-97.8558,71.76,35,75,5.75,broken clouds
255,Kholodnyy,RU,62.7167,147.95,80.13,37,8,8.48,clear sky
256,Abu Zabad,SD,12.35,29.25,84.13,44,16,9.66,few clouds
257,Salalah,OM,17.0151,54.0924,80.46,89,100,5.61,overcast clouds
258,Sept-Iles,CA,50.2001,-66.3821,63.12,77,75,10.36,broken clouds
259,Yeniseysk,RU,58.4497,92.1703,67.17,95,100,8.25,overcast clouds
260,Gasa,PS,31.5,34.4667,74.64,75,0,5.37,clear sky
261,Gandu,BR,-13.7439,-39.4867,63.46,99,30,2.46,scattered clouds
262,Mount Gambier,AU,-37.8333,140.7667,53.24,59,6,4.36,light rain
263,Porto Velho,BR,-8.7619,-63.9039,77.05,78,0,0.0,clear sky
264,Klaksvik,FO,62.2266,-6.589,52.72,95,61,22.1,broken clouds
265,Cuyamel,HN,15.6667,-88.2,84.22,89,21,6.67,few clouds
266,Urucara,BR,-2.5364,-57.76,75.94,81,97,0.67,overcast clouds
267,Lompoc,US,34.6391,-120.4579,90.01,82,0,18.41,clear sky
268,Tuktoyaktuk,CA,69.4541,-133.0374,69.8,46,75,14.97,broken clouds
269,Bengkulu,ID,-3.8004,102.2655,76.6,79,95,3.29,overcast clouds
270,Nanortalik,GL,60.1432,-45.2371,39.74,96,100,2.44,overcast clouds
271,Saint-Philippe,RE,-21.3585,55.7679,67.59,70,5,5.59,clear sky
272,Lorengau,PG,-2.0226,147.2712,83.64,76,100,14.54,overcast clouds
273,San Cristobal,VE,7.7669,-72.225,71.78,97,87,3.24,overcast clouds
274,Cabo San Lucas,MX,22.8909,-109.9124,82.06,82,100,7.0,overcast clouds
275,Klyuchi,RU,52.2667,79.1667,70.14,78,100,2.84,light rain
276,Vestmannaeyjar,IS,63.4427,-20.2734,46.53,76,79,5.41,broken clouds
277,Kavieng,PG,-2.5744,150.7967,83.75,73,91,17.09,light rain
278,Chimoio,MZ,-19.1164,33.4833,54.34,89,67,8.86,broken clouds
279,Ossora,RU,59.2353,163.0719,58.23,73,62,5.12,broken clouds
280,Sao Joao Da Barra,BR,-21.6403,-41.0511,67.98,64,95,16.42,overcast clouds
281,Torbay,CA,47.6666,-52.7314,68.77,88,20,9.22,few clouds
282,Chifeng,CN,42.2683,118.9636,75.4,59,100,6.17,light rain
283,Kenora,CA,49.8167,-94.4337,63.57,36,75,9.22,broken clouds
284,Kearney,US,40.6995,-99.0815,78.33,34,0,6.91,clear sky
285,Eyl,SO,7.9803,49.8164,81.3,61,100,31.32,overcast clouds
286,Manggar,ID,-2.8833,108.2667,82.13,78,95,7.85,overcast clouds
287,Roald,NO,62.5833,6.1333,67.15,100,100,13.8,light rain
288,Broome,US,42.2506,-75.833,75.02,88,100,5.99,overcast clouds
289,Iisalmi,FI,63.5592,27.1907,60.84,85,25,3.56,scattered clouds
290,Brae,GB,60.3964,-1.353,54.34,89,100,24.25,overcast clouds
291,Moscow,RU,55.7522,37.6156,68.63,71,0,4.76,clear sky
292,Pisco,PE,-13.7,-76.2167,60.85,88,40,1.14,mist
293,Zalesovo,RU,53.9939,84.7431,66.61,93,100,4.52,overcast clouds
294,Okato,NZ,-39.2,173.8833,56.91,100,94,8.77,overcast clouds
295,Vicksburg,US,32.3526,-90.8779,75.43,81,95,2.82,overcast clouds
296,Lucea,JM,18.451,-78.1736,82.26,79,80,8.1,broken clouds
297,Awjilah,LY,29.1081,21.2869,86.27,23,0,12.62,clear sky
298,Tutoia,BR,-2.7619,-42.2744,77.95,80,29,4.14,scattered clouds
299,Sitka,US,57.0531,-135.33,65.93,69,61,6.46,broken clouds
300,Dunedin,NZ,-45.8742,170.5036,48.79,76,100,4.0,overcast clouds
301,Dargaville,NZ,-35.9333,173.8833,59.59,62,46,6.82,scattered clouds
302,Two Rivers,US,44.1539,-87.5693,73.89,37,40,20.71,scattered clouds
303,Fort Nelson,CA,58.8053,-122.7002,69.39,56,75,4.61,broken clouds
304,Gazimurskiy Zavod,RU,51.5461,118.3266,73.87,56,54,2.51,broken clouds
305,Gladstone,AU,-23.85,151.25,73.78,53,88,6.91,overcast clouds
306,Isangel,VU,-19.55,169.2667,80.71,83,75,6.91,broken clouds
307,Coldwater,US,41.9403,-85.0005,72.9,46,0,8.05,clear sky
308,Hithadhoo,MV,-0.6,73.0833,83.3,71,79,11.48,broken clouds
309,Rio Cuarto,AR,-33.1307,-64.3499,45.68,87,75,8.05,broken clouds
310,Assiniboia,CA,49.6334,-105.9845,75.02,20,5,11.5,clear sky
311,Alta Floresta,BR,-9.8756,-56.0861,73.17,45,9,4.54,clear sky
312,Baykit,RU,61.67,96.37,58.68,98,100,3.09,moderate rain
313,Suntar,RU,62.1444,117.6319,67.48,74,100,10.49,light rain
314,Whitehorse,CA,60.7161,-135.0538,80.02,29,75,9.22,shower rain
315,Soldotna,US,60.4878,-151.0583,64.96,63,0,9.22,clear sky
316,Flinders,AU,-34.5833,150.8552,61.38,59,27,7.0,scattered clouds
317,Lata,PT,40.1629,-8.3327,61.81,90,3,4.03,clear sky
318,Dicabisagan,PH,17.0818,122.4157,78.51,93,100,6.08,light rain
319,Columbus,US,39.9612,-82.9988,81.01,81,0,9.22,clear sky
320,Lufilufi,WS,-13.8745,-171.5986,83.98,79,57,17.0,light rain
321,Carmarthen,GB,51.8555,-4.3054,56.89,94,100,7.4,overcast clouds
322,Hovd,MN,48.0056,91.6419,76.21,27,1,1.14,clear sky
323,Santa Isabel Do Rio Negro,BR,-0.4139,-65.0192,72.34,96,2,3.98,clear sky
324,Tilichiki,RU,60.4667,166.1,57.76,70,65,8.37,broken clouds
325,Zhanaozen,KZ,43.3,52.8,84.85,32,100,18.9,overcast clouds
326,Uige,AO,-7.6087,15.0613,62.69,45,0,3.0,clear sky
327,Dobrinka,RU,52.1653,40.4731,55.9,85,0,6.55,clear sky
328,Antequera,ES,37.0194,-4.5612,70.93,44,0,5.5,clear sky
329,Tefe,BR,-3.3542,-64.7114,74.5,80,16,1.63,few clouds
330,Okhotsk,RU,59.3833,143.3,53.76,83,89,7.49,overcast clouds
331,Bereda,ES,43.2686,-7.5406,48.15,100,27,2.1,scattered clouds
332,Upernavik,GL,72.7868,-56.1549,41.07,69,100,5.17,overcast clouds
333,Saldanha,ZA,-33.0117,17.9442,51.85,55,0,9.73,clear sky
334,Keuruu,FI,62.2667,24.7,63.81,63,8,2.1,clear sky
335,Talaya,RU,61.3833,152.75,79.05,39,18,2.06,few clouds
336,Codrington,AU,-38.2667,141.9667,51.69,69,87,6.93,overcast clouds
337,Banda Aceh,ID,5.5577,95.3222,80.98,72,100,8.34,overcast clouds
338,Maun,BW,-19.9833,23.4167,55.36,76,0,13.8,clear sky
339,Vung Tau,VN,10.346,107.0843,83.52,74,13,5.1,few clouds
340,Mago,RU,53.2514,140.1822,68.16,53,19,0.58,few clouds
341,Daru,PG,-9.0763,143.2092,80.6,89,100,13.6,overcast clouds
342,Kargopol,RU,61.5071,38.9456,61.18,90,12,5.53,few clouds
343,Deputatskiy,RU,69.3,139.9,40.87,59,100,6.11,overcast clouds
344,Bonthe,SL,7.5264,-12.505,77.74,87,97,6.53,light rain
345,Backa Palanka,RS,45.2508,19.3919,66.94,61,0,3.49,clear sky
346,Sofiyivka,UA,48.0493,33.8746,68.59,77,92,13.18,overcast clouds
347,Springbok,ZA,-29.6643,17.8865,59.13,55,0,22.91,clear sky
348,Kalabo,ZM,-14.97,22.6814,52.54,59,3,7.11,clear sky
349,Sur,OM,22.5667,59.5289,86.77,70,100,12.84,overcast clouds
350,Maham,IN,28.9833,76.3,93.76,44,6,9.98,clear sky
351,Shingu,JP,33.7333,135.9833,86.58,63,32,7.45,scattered clouds
352,Beringovskiy,RU,63.05,179.3167,43.81,94,100,5.14,overcast clouds
353,Raga,SS,8.4596,25.678,72.61,73,86,4.76,overcast clouds
354,Kamaishi,JP,39.2667,141.8833,74.68,82,100,13.6,light rain
355,Terney,RU,45.0503,136.6092,64.49,76,67,2.75,broken clouds
356,Puerto Del Rosario,ES,28.5004,-13.8627,69.55,68,0,16.11,clear sky
357,Mnogovershinnyy,RU,53.9353,139.9242,64.04,56,0,3.44,clear sky
358,Muros,ES,42.7762,-9.0603,49.08,93,3,6.82,clear sky
359,Isabela,PH,6.7085,121.9711,82.45,87,100,1.9,overcast clouds
360,Mokrousovo,RU,55.8103,66.7653,47.19,92,100,12.37,overcast clouds
361,Yanam,IN,16.7333,82.2167,78.13,86,100,7.9,overcast clouds
362,Batagay,RU,67.6333,134.6333,39.4,85,100,4.81,overcast clouds
363,Sembakung,ID,3.8167,117.25,81.55,80,42,2.51,scattered clouds
364,Tianmen,CN,30.6516,113.1603,84.63,75,84,16.71,broken clouds
365,Panacan,PH,9.2463,118.4082,82.8,77,100,0.67,overcast clouds
366,Amapa,BR,1.0,-52.0,72.14,98,100,0.94,overcast clouds
367,South Lake Tahoe,US,38.9332,-119.9844,86.25,28,3,5.01,clear sky
368,Pak Phanang,TH,8.3511,100.202,77.02,80,100,7.4,overcast clouds
369,Namestovo,SK,49.4079,19.4803,58.91,82,2,2.37,clear sky
370,Irbeyskoye,RU,55.6428,95.4522,72.75,68,100,4.23,overcast clouds
371,Arlit,NE,18.7369,7.3853,94.03,18,47,7.14,scattered clouds
372,Atar,MR,20.5169,-13.0499,88.88,17,0,9.28,clear sky
373,Turukhansk,RU,65.8167,87.9833,62.38,74,99,6.51,overcast clouds
374,Ilulissat,GL,69.2167,-51.1,38.89,88,29,5.17,scattered clouds
375,Vallenar,CL,-28.5708,-70.7581,56.97,52,100,2.08,overcast clouds
376,Sretensk,RU,52.2453,117.7093,73.71,56,99,3.69,overcast clouds
377,Pavlodar,KZ,52.3,76.95,66.0,72,40,6.71,thunderstorm with light rain
378,Nizhniye Vyazovyye,RU,55.7988,48.5248,54.32,83,6,3.8,clear sky
379,Talnakh,RU,69.4865,88.3972,60.21,78,100,2.24,overcast clouds
380,Petropavlovsk-Kamchatskiy,RU,53.0452,158.6483,63.19,63,40,8.95,scattered clouds
381,Pareora,NZ,-44.4871,171.2132,48.18,87,100,11.83,overcast clouds
382,Roma,US,43.2128,-75.4557,72.82,94,100,3.44,mist
383,Ambon,ID,-3.6954,128.1814,80.74,89,40,2.3,scattered clouds
384,Mackenzie,CA,55.2999,-123.1698,73.62,38,0,6.91,clear sky
385,Port Shepstone,ZA,-30.7414,30.455,57.58,59,1,5.44,clear sky
386,Coquimbo,CL,-29.9533,-71.3436,55.13,76,0,0.0,light rain
387,Khani,GE,41.9563,42.9566,54.97,95,84,1.77,broken clouds
388,Mandalgovi,MN,45.7625,106.2708,60.44,64,100,13.67,overcast clouds
389,Asyut,EG,27.181,31.1837,80.78,32,0,8.68,clear sky
390,Dukat,RU,62.55,155.55,74.03,45,18,8.08,few clouds
391,Svetlogorsk,BY,52.6333,29.7333,64.15,88,38,4.76,scattered clouds
392,Shitkino,RU,56.3703,98.3543,72.36,72,100,5.77,overcast clouds
393,Santa Maria,BR,-29.6842,-53.8069,51.1,82,0,10.36,light rain
394,Seminole,US,28.7086,-81.2081,82.26,79,17,1.99,few clouds
395,Hualmay,PE,-11.0964,-77.6139,62.98,85,36,8.05,scattered clouds
396,Kasongo,CD,-4.45,26.6667,69.13,58,13,3.8,few clouds
397,Vostok,RU,46.4856,135.8833,67.5,58,12,7.45,few clouds
398,Saint-Joseph,RE,-21.3667,55.6167,66.58,70,5,3.6,clear sky
399,Provideniya,RU,64.3833,-173.3,48.36,87,100,11.18,overcast clouds
400,Santa Cruz,BO,-17.8,-63.1667,62.06,72,5,3.44,clear sky
401,Dandong,CN,40.1292,124.3947,71.98,97,100,12.66,moderate rain
402,Durango,MX,24.8333,-104.8333,72.91,41,92,2.59,overcast clouds
403,Solaro,IT,44.8799,9.1732,70.61,83,1,4.09,clear sky
404,Keti Bandar,PK,24.1447,67.4497,82.96,85,100,13.04,overcast clouds
405,Chernyy Yar,RU,48.0624,46.1091,67.6,56,67,16.15,broken clouds
406,Blenheim,NZ,-41.516,173.9528,59.52,55,44,3.0,scattered clouds
407,Mombetsu,JP,44.3525,143.3525,55.42,100,100,4.61,fog
408,Cobija,BO,-11.0267,-68.7692,71.19,63,6,1.43,clear sky
409,Dire Dawa,ET,9.5931,41.8661,69.22,67,100,15.55,overcast clouds
410,Sao Filipe,CV,14.8961,-24.4956,76.05,74,12,8.63,few clouds
411,Cockburn Town,TC,21.4612,-71.1419,81.66,80,100,16.82,overcast clouds
412,Kosh-Agach,RU,50.0,88.6667,65.66,46,100,1.72,overcast clouds
413,San Luis,AR,-33.295,-66.3356,44.94,77,100,3.27,overcast clouds
414,Ravar,IR,31.2656,56.8055,81.88,14,0,2.13,clear sky
415,La Rioja,ES,42.25,-2.5,51.58,96,100,3.69,overcast clouds
416,Cascais,PT,38.6979,-9.4215,63.46,64,0,20.0,clear sky
417,Masallatah,LY,32.6167,14.0,80.24,45,0,11.77,clear sky
418,Qesarya,IL,32.5189,34.9046,75.34,81,0,6.96,clear sky
419,Qaqortoq,GL,60.7167,-46.0333,40.3,93,100,3.69,overcast clouds
420,Buarcos,PT,40.166,-8.8768,63.55,74,0,18.59,clear sky
421,Tadine,NC,-21.55,167.8833,75.45,74,48,13.44,scattered clouds
422,Ramsar,IR,36.9226,50.6426,74.64,83,40,4.61,scattered clouds
423,Olafsvik,IS,64.8945,-23.7142,41.36,90,100,10.87,overcast clouds
424,La Esperanza,GT,14.8667,-91.5667,59.72,92,75,16.11,broken clouds
425,Palmer,US,42.1584,-72.3287,79.25,57,76,4.0,broken clouds
426,Varhaug,NO,58.6147,5.6457,56.86,89,100,9.86,overcast clouds
427,Minab,IR,27.1467,57.0801,88.02,75,4,4.74,clear sky
428,Rochegda,RU,62.8,43.25,50.04,88,100,11.34,overcast clouds
429,Kaoma,ZM,-14.7833,24.8,49.77,73,0,5.84,clear sky
430,Xuddur,SO,4.1213,43.8894,68.95,84,12,19.26,few clouds
431,Bundaberg,AU,-24.85,152.35,70.21,64,100,5.99,overcast clouds
432,Mayo,US,38.8876,-76.5119,81.1,82,100,4.0,overcast clouds
433,Sarankhola,BD,22.3082,89.7897,83.53,81,96,5.01,overcast clouds
434,Santa Rosa,PH,14.3122,121.1114,84.09,78,100,6.17,overcast clouds
435,Kampot,KH,10.6167,104.1833,80.65,80,100,3.42,overcast clouds
436,Poum,NC,-20.2333,164.0167,76.82,68,16,15.97,few clouds
437,Bayevo,RU,53.2833,80.7667,66.51,93,100,6.78,light rain
438,Nabire,ID,-3.3667,135.4833,76.41,93,100,2.15,light rain
439,Aketi,CD,2.7388,23.7833,68.54,99,29,0.56,scattered clouds
440,Jijiga,ET,9.35,42.8,59.56,87,100,15.32,overcast clouds
441,Montorio Al Vomano,IT,42.5831,13.6383,71.73,41,7,7.0,clear sky
442,Naze,JP,28.3667,129.4833,83.32,84,64,12.95,broken clouds
443,Sao Francisco De Assis,BR,-29.5503,-55.1311,49.17,90,100,7.18,overcast clouds
444,Golden,US,39.7555,-105.2211,65.98,63,100,10.36,overcast clouds
445,Narsaq,GL,60.9167,-46.05,40.62,93,100,5.03,overcast clouds
446,Lubango,AO,-14.9172,13.4925,53.78,42,0,6.06,clear sky
447,Thivai,GR,38.325,23.3189,76.8,62,7,2.84,clear sky
448,Malangwa,NP,26.8568,85.5581,81.39,81,100,7.47,light rain
449,Virginia Beach,US,36.8529,-75.978,80.06,77,55,1.99,broken clouds
450,Carballo,ES,43.213,-8.691,56.86,87,20,0.6,few clouds
451,Auki,SB,-8.7676,160.7034,80.65,80,51,4.83,light rain
452,Bantry,IE,51.6833,-9.45,51.78,84,43,8.37,scattered clouds
453,Aguimes,ES,27.9054,-15.4461,68.67,68,40,23.02,scattered clouds
454,Paraiso,CR,9.8383,-83.8656,65.41,98,100,1.97,moderate rain
455,Leh,IN,34.1667,77.5833,59.81,36,0,4.27,clear sky
456,Tukrah,LY,32.5341,20.5791,78.98,54,0,6.24,clear sky
457,Thinadhoo,MV,0.5333,72.9333,83.66,71,100,12.59,overcast clouds
458,Shahrud,IR,36.4182,54.9763,78.19,24,0,5.23,clear sky
459,Obo,CF,5.3998,26.4869,67.06,87,22,1.52,few clouds
460,Ciudad Bolivar,VE,8.1222,-63.5497,81.63,69,100,3.8,light rain
461,Bintulu,MY,3.1667,113.0333,77.41,100,20,0.0,light rain
462,Viedma,AR,-40.8135,-62.9967,45.05,67,100,19.19,overcast clouds
463,Tabursuq,TN,36.4569,9.2475,86.11,27,0,11.01,clear sky
464,Ransang,PH,8.9603,117.5828,82.31,81,100,1.9,light rain
465,Gejiu,CN,23.306,103.1635,62.1,85,100,4.99,overcast clouds
466,Port Macquarie,AU,-31.4333,152.9167,63.9,49,5,14.34,clear sky
467,Baherden,TM,38.4362,57.4316,92.84,18,0,2.95,clear sky
468,Kuching,MY,1.55,110.3333,77.22,94,20,2.3,few clouds
469,Ikot Ekpene,NG,5.1794,7.7108,73.04,98,100,2.1,overcast clouds
470,Januaria,BR,-15.4833,-44.3667,68.05,47,35,4.65,scattered clouds
471,Kibala,TD,9.1104,18.3463,74.5,86,100,4.5,light rain
472,Horki,BY,54.2861,30.9842,64.4,88,0,4.59,clear sky
473,Huanren,CN,41.2647,125.3667,75.88,87,100,7.99,moderate rain
474,Sambava,MG,-14.2667,50.1667,68.13,83,100,12.37,light rain
475,Saint-Augustin,CA,51.226,-58.6502,52.47,83,100,5.75,overcast clouds
476,Sakakah,SA,29.9697,40.2064,77.54,33,0,10.18,clear sky
477,Valkeakoski,FI,61.2642,24.0312,63.99,82,8,3.67,clear sky
478,Baglung,NP,28.2719,83.5898,71.4,94,100,1.45,overcast clouds
479,Shu,KZ,43.5983,73.7614,79.18,35,2,5.46,clear sky
480,Pereslavl-Zalesskiy,RU,56.7393,38.8563,64.94,87,3,6.29,clear sky
481,Strezhevoy,RU,60.7333,77.5889,58.01,86,81,5.39,broken clouds
482,Gotsu,JP,35.0,132.2167,83.75,66,100,5.61,light rain
483,Port Hedland,AU,-20.3167,118.5667,68.05,37,0,19.57,clear sky
484,Touba,CI,8.2833,-7.6833,70.05,94,89,3.74,overcast clouds
485,Namtsy,RU,62.7161,129.6658,75.02,55,100,9.15,overcast clouds
486,Zhigansk,RU,66.7697,123.3711,47.75,51,100,17.29,overcast clouds
487,La Ronge,CA,55.1001,-105.2842,62.82,72,75,5.75,broken clouds
488,Leua,SK,48.2156,18.6071,69.49,66,2,5.48,clear sky
489,Nelson Bay,AU,-32.7167,152.15,62.01,68,0,11.01,clear sky
490,Panaba,MX,21.2833,-88.2667,80.2,77,61,10.11,broken clouds
491,Princeton,US,25.5384,-80.4089,84.0,81,0,0.0,clear sky
492,Dongobesh,TZ,-4.0667,35.3833,52.21,86,100,6.04,overcast clouds
493,Sorland,NO,67.667,12.6934,58.86,84,42,17.22,scattered clouds
494,Ixtapa,MX,20.7,-105.2,83.23,72,100,1.01,overcast clouds
495,Ostroh,UA,50.3294,26.5143,63.7,83,100,4.9,overcast clouds
496,Fairfield,US,41.2668,-73.3162,76.48,62,43,10.0,scattered clouds
497,Acajutla,SV,13.5928,-89.8275,79.45,83,82,2.17,light rain
498,Uyuni,BO,-20.4597,-66.825,44.91,39,18,6.82,few clouds
499,Flagstaff,US,35.1981,-111.6513,67.32,59,75,14.97,broken clouds
500,Havelock,US,34.8791,-76.9013,78.94,75,72,7.54,broken clouds
501,Schotten,DE,50.5,9.1333,65.23,89,100,9.44,moderate rain
502,Yulara,AU,-25.2406,130.9889,56.3,51,0,21.52,clear sky
503,Chumikan,RU,54.7183,135.315,62.26,62,15,0.94,few clouds
504,Makakilo City,US,21.3469,-158.0858,82.69,54,17,9.35,few clouds
505,Hamilton,US,39.1834,-84.5333,78.64,90,100,6.89,overcast clouds
506,Middle Island,US,40.8843,-72.9373,74.89,75,67,5.01,broken clouds
507,Alofi,NU,-19.0595,-169.9187,78.84,73,3,15.5,clear sky
508,Seddon,AU,-37.8068,144.8916,53.89,80,40,10.36,scattered clouds
509,Jiamusi,CN,46.8333,130.35,76.32,67,5,3.71,clear sky
510,Biala Podlaska,PL,52.0324,23.1165,65.98,76,99,5.93,overcast clouds
511,Harnosand,SE,62.6323,17.9379,60.01,94,42,2.44,scattered clouds
512,Erechim,BR,-27.6342,-52.2739,53.51,97,100,4.56,overcast clouds
513,Havoysund,NO,70.9963,24.6622,52.03,78,15,12.75,few clouds
514,Maracacume,BR,-2.0428,-45.9592,72.03,85,18,2.24,few clouds
515,Barranca,PE,-10.75,-77.7667,62.74,84,53,7.49,broken clouds
516,Tura,IN,25.5198,90.2201,76.32,95,100,5.06,overcast clouds
517,Ornskoldsvik,SE,63.2909,18.7153,56.97,94,7,2.35,clear sky
518,Marathon,US,44.9,-89.7668,69.04,44,0,16.11,clear sky
519,Kupang,ID,-10.1667,123.5833,81.19,69,41,15.97,scattered clouds
520,Saint-Ambroise,CA,48.5501,-71.3324,74.32,66,90,11.79,light rain
521,Singaraja,ID,-8.112,115.0882,80.33,75,38,5.7,scattered clouds
522,Chicama,PE,-7.8447,-79.1469,64.31,80,78,7.29,broken clouds
523,Mpika,ZM,-11.8343,31.4529,49.35,92,46,7.36,scattered clouds
524,Kaeo,NZ,-35.1,173.7833,59.72,61,9,2.39,clear sky
525,Meulaboh,ID,4.1363,96.1285,76.93,81,100,2.82,overcast clouds
526,Burgeo,CA,47.6167,-57.6152,55.49,95,100,4.32,overcast clouds
527,Porto Novo,BJ,6.4965,2.6036,75.97,88,100,5.23,overcast clouds
528,Itum-Kale,RU,42.7356,45.5758,59.23,92,27,4.56,scattered clouds
529,Erenhot,CN,43.6475,111.9767,64.31,78,100,5.19,overcast clouds
530,Skibbereen,IE,51.55,-9.2667,52.11,80,13,12.37,few clouds
531,Rio Grande,BR,-32.035,-52.0986,52.45,76,100,8.08,overcast clouds
532,Krasnaya Gora,RU,52.9995,31.6023,64.74,84,0,3.78,clear sky
533,La Asuncion,VE,11.0333,-63.8628,77.47,86,65,5.48,broken clouds
534,Praia Da Vitoria,PT,38.7333,-27.0667,66.76,81,57,8.7,broken clouds
535,Pocoes,BR,-14.5297,-40.3653,58.26,89,6,5.12,clear sky
536,Kohat,PK,33.582,71.4493,82.47,26,0,2.51,clear sky
537,Arroyo,ES,41.6096,-4.7969,53.15,80,100,14.97,overcast clouds
538,Tall Kayf,TR,37.0833,41.0667,66.54,31,0,5.79,clear sky
539,Ninghai,CN,29.2892,121.4247,83.43,71,100,10.54,overcast clouds
540,Warren,US,39.4334,-84.1666,77.56,85,100,9.17,overcast clouds
541,Salinopolis,BR,-0.6136,-47.3561,77.61,83,90,7.16,overcast clouds
542,Paragominas,BR,-2.9667,-47.4833,75.25,69,88,3.33,overcast clouds
543,Oshawa,CA,43.9001,-78.8496,75.2,75,14,1.01,few clouds
544,Atambua,ID,-9.1061,124.8925,78.6,65,75,5.32,broken clouds
545,Portland,US,45.5234,-122.6762,100.2,25,0,6.91,clear sky
546,Atbasar,KZ,51.8,68.3333,54.7,74,1,11.36,clear sky
547,Svetlyy,RU,54.675,20.1347,66.96,81,77,7.38,broken clouds
548,Ulladulla,AU,-35.35,150.4667,52.77,53,9,14.41,clear sky
549,Ayan,RU,56.45,138.1667,51.28,88,77,12.68,broken clouds
550,Hue,VN,16.4667,107.6,84.31,74,20,3.44,few clouds
551,Lianzhou,CN,24.7811,112.3825,82.58,82,92,5.35,overcast clouds
552,Nagorsk,RU,59.3172,50.8078,50.5,76,72,5.61,broken clouds
553,Seymour,US,38.9592,-85.8903,77.72,86,78,12.19,broken clouds
554,Halifax,CA,44.6453,-63.5724,62.49,95,0,8.05,clear sky
555,Borogontsy,RU,62.6683,131.1683,74.37,59,58,11.41,broken clouds
556,Gravelbourg,CA,49.8834,-106.5512,74.21,28,5,8.77,clear sky
557,Lakes Entrance,AU,-37.8811,147.981,53.17,70,19,13.2,few clouds
558,Ponta Delgada,PT,37.7333,-25.6667,68.5,94,75,9.22,light intensity shower rain
559,Manokwari,ID,-0.8667,134.0833,74.64,94,100,4.03,overcast clouds
560,Wufeng,CN,27.45,104.8333,62.71,97,100,3.13,moderate rain
561,Sorong,ID,-0.8833,131.25,81.01,80,100,5.91,light rain
562,Athabasca,CA,54.7169,-113.2854,66.97,69,48,6.24,scattered clouds
563,Sindor,RU,62.8629,51.8905,48.18,97,81,4.63,broken clouds
564,Altamira,BR,-3.2033,-52.2064,76.03,81,97,2.37,overcast clouds
565,Kawalu,ID,-7.3817,108.2082,73.6,96,99,1.52,overcast clouds
566,Vestmanna,FO,62.1564,-7.1664,50.92,93,100,19.57,overcast clouds
567,Santa Fe,AR,-31.6333,-60.7,51.01,74,100,5.01,overcast clouds
568,Albanel,CA,48.8832,-72.4487,69.24,82,100,7.4,overcast clouds
569,Taoudenni,ML,22.6783,-3.9836,98.37,10,0,15.41,clear sky
570,Buala,SB,-8.145,159.5921,81.57,79,100,10.38,light rain
571,Chernyshevskiy,RU,63.0128,112.4714,63.93,78,82,5.44,light rain
572,Port-Cartier,CA,50.0334,-66.8654,60.75,84,90,5.95,overcast clouds
573,Villa Carlos Paz,AR,-31.4241,-64.4978,46.38,53,100,4.0,overcast clouds
574,Kutum,SD,14.2,24.6667,79.66,38,94,5.23,overcast clouds
575,Tyumentsevo,RU,53.3224,81.498,66.09,87,100,9.93,light rain
576,Swan Hill,AU,-35.3378,143.5544,52.21,55,0,9.84,clear sky
577,Yarkovo,RU,57.4028,67.0786,47.8,92,100,10.33,overcast clouds
578,Sao Felix Do Xingu,BR,-6.6447,-51.995,73.54,61,4,2.77,clear sky
579,Ewa Beach,US,21.3156,-158.0072,85.37,50,40,14.97,scattered clouds
580,Shache,CN,38.4167,77.2406,84.04,22,87,1.99,overcast clouds
581,Gracac,HR,44.3006,15.8547,62.35,57,0,3.65,clear sky
582,Namibe,AO,-15.1961,12.1522,66.43,62,0,9.1,clear sky
583,Lins,BR,-21.6786,-49.7425,60.89,77,9,14.12,clear sky
584,Morondava,MG,-20.2833,44.2833,67.51,61,0,12.39,clear sky
585,Sioux Lookout,CA,50.1001,-91.917,51.58,75,89,5.75,overcast clouds
586,Yar-Sale,RU,66.8333,70.8333,50.49,51,100,18.03,overcast clouds
587,Vila Velha,BR,-20.3297,-40.2925,66.15,85,40,11.01,scattered clouds
588,Teluk Intan,MY,4.0259,101.0213,77.36,90,79,1.92,broken clouds
589,Nueve De Julio,AR,-35.4444,-60.8831,47.89,65,100,10.96,overcast clouds
590,Catarama,EC,-1.5833,-79.4667,74.32,85,100,1.23,overcast clouds
591,Chhaprauli,IN,29.2167,77.1833,88.32,56,62,8.37,broken clouds
592,Kargasok,RU,59.0556,80.8572,58.98,87,89,9.55,overcast clouds
593,Srednekolymsk,RU,67.45,153.6833,50.07,27,100,9.13,overcast clouds
594,Versoix,CH,46.2833,6.1667,71.94,71,75,2.3,broken clouds
595,Bataipora,BR,-22.2953,-53.2711,64.65,77,6,7.87,clear sky
596,Sao Miguel Do Araguaia,BR,-13.275,-50.1628,72.91,32,17,2.39,few clouds
597,Talara,PE,-4.5772,-81.2719,64.38,84,5,14.45,clear sky
598,Abha,SA,18.2164,42.5053,69.76,48,92,4.36,overcast clouds
599,Shancheng,CN,34.7953,116.0817,77.34,94,100,8.52,moderate rain
600,Axim,GH,4.8699,-2.2405,75.15,92,57,5.01,broken clouds
601,Sibolga,ID,1.7427,98.7792,78.3,84,100,2.04,overcast clouds
602,Ust-Kuyga,RU,70.0167,135.6,47.21,30,94,11.41,overcast clouds
603,Nipawin,CA,53.3668,-104.0009,68.04,67,0,15.43,clear sky
604,Caraquet,CA,47.7941,-64.9386,61.07,96,8,7.61,clear sky
605,Garowe,SO,8.4054,48.4845,77.45,60,100,32.32,overcast clouds
606,Clyde River,CA,70.4692,-68.5914,32.2,90,100,2.86,overcast clouds
607,Inuvik,CA,68.3499,-133.7218,79.03,30,93,8.1,overcast clouds
608,Kokopo,PG,-4.352,152.2633,85.23,61,60,5.1,broken clouds
609,Hit,IQ,33.6416,42.8251,82.72,25,0,8.12,clear sky
610,Dudinka,RU,69.4058,86.1778,60.62,70,100,13.11,overcast clouds
611,Batagay-Alyta,RU,67.8006,130.4114,35.44,90,100,4.32,overcast clouds
612,Pozo Colorado,PY,-23.4923,-58.7972,60.01,90,55,3.31,broken clouds
613,Aloleng,PH,16.1307,119.7824,83.44,75,100,7.94,overcast clouds
614,San Jose,US,37.3394,-121.895,92.59,44,20,14.97,few clouds
615,Goure,NE,13.9835,10.2704,83.01,41,18,4.61,few clouds
616,Centenario Do Sul,BR,-22.8211,-51.5953,59.81,77,96,13.8,overcast clouds
617,Pidhaytsi,UA,49.2685,25.1334,58.05,91,4,4.83,clear sky
618,Saint-Georges,GD,12.0564,-61.7485,76.15,94,100,12.77,overcast clouds
619,Badiraguato,MX,25.3667,-107.5167,80.87,70,100,2.42,overcast clouds
620,Waddan,LY,29.1614,16.139,87.46,24,0,13.51,clear sky
621,Puerto Colombia,CO,10.9878,-74.9547,77.09,83,100,7.99,overcast clouds
622,Nicoya,CR,10.1483,-85.452,74.12,93,100,0.09,overcast clouds
623,Dapaong,TG,10.8639,0.205,80.69,65,100,7.05,overcast clouds
624,Buwenge,UG,0.6422,33.1744,63.93,89,77,3.04,broken clouds
625,Valparaiso,CL,-33.0393,-71.6273,53.47,80,0,4.61,clear sky
626,Pahrump,US,36.2083,-115.9839,102.83,9,10,5.01,clear sky
627,Goma,CD,-1.6792,29.2228,61.66,82,34,3.71,scattered clouds
628,Bonavista,CA,48.6499,-53.1147,53.2,99,99,11.59,overcast clouds
629,Hare Bay,CA,48.8499,-54.0148,54.1,97,99,2.51,overcast clouds
630,Bela,IN,25.9333,81.9833,90.72,55,100,7.14,overcast clouds
631,Hurghada,EG,27.2574,33.8129,82.44,37,0,17.9,clear sky
632,Lodingen,NO,68.414,15.9951,57.34,67,12,8.21,few clouds
633,Acari,PE,-15.4311,-74.6158,64.65,75,97,2.91,overcast clouds
634,Akom,CM,2.6678,12.7109,65.66,99,42,2.04,scattered clouds
635,Beloha,MG,-25.1667,45.05,59.7,77,34,8.37,scattered clouds
636,Nagornskiy,RU,58.7731,57.5451,40.51,87,78,4.12,broken clouds
637,Ushtobe,KZ,45.2514,77.9838,84.45,33,0,10.38,clear sky
638,Kangaatsiaq,GL,68.3065,-53.4641,37.54,95,100,4.56,overcast clouds
639,Fort Saint James,CA,54.4333,-124.25,80.89,24,12,3.18,few clouds
640,Panzhihua,CN,26.5851,101.7128,74.37,85,100,1.03,overcast clouds
641,Makubetsu,JP,45.3714,141.8211,55.06,94,100,5.03,overcast clouds
642,Quzhou,CN,28.9594,118.8686,85.77,72,87,2.66,overcast clouds
643,Ghanzi,BW,-21.5667,21.7833,48.47,82,6,11.72,clear sky
644,Bucerias,MX,20.75,-105.3333,83.98,74,100,0.0,overcast clouds
645,Yarim,YE,14.298,44.3779,62.06,49,91,2.62,overcast clouds
646,Pascagoula,US,30.3658,-88.5561,80.73,95,40,0.0,scattered clouds
647,Northam,GB,51.0333,-4.2167,54.39,94,100,13.0,overcast clouds
648,Khrisokhorion,GR,40.9333,24.7167,71.98,77,3,4.36,clear sky
649,Shimoda,JP,34.6667,138.95,81.86,76,26,14.9,scattered clouds
650,Lasa,IT,46.6166,10.7002,65.7,89,100,3.0,overcast clouds
651,Bure,ET,10.7,37.0667,55.4,92,100,2.95,overcast clouds
652,Hofn,IS,64.2539,-15.2082,46.09,80,100,9.95,overcast clouds
653,Kosice,SK,48.6667,21.3333,65.32,82,0,6.91,clear sky
654,Varzea Grande,BR,-15.6467,-56.1325,66.07,88,0,2.3,clear sky
655,Acapulco,MX,16.8634,-99.8901,82.22,78,75,10.36,broken clouds
656,Cuamba,MZ,-14.8031,36.5372,60.51,84,99,6.85,overcast clouds
657,Jizan,SA,17.3333,42.6667,86.81,65,40,7.18,scattered clouds
658,Oxford,GB,51.7522,-1.256,54.5,87,74,1.01,broken clouds
659,Hay River,CA,60.8156,-115.7999,54.72,52,10,5.95,clear sky
660,Balgazyn,RU,51.0,95.2,76.6,35,7,2.24,clear sky
661,Leiyang,CN,26.4024,112.8591,84.97,70,100,11.56,overcast clouds
662,Takoradi,GH,4.8845,-1.7554,75.18,91,69,4.99,broken clouds
663,Adrar,MR,20.5022,-10.0711,86.41,15,0,10.16,clear sky
664,Misterbianco,IT,37.5341,14.9538,83.75,55,0,5.75,clear sky
665,Moranbah,AU,-22.0016,148.0466,71.33,51,29,16.93,scattered clouds
666,Biltine,TD,14.5333,20.9167,83.01,47,100,8.21,overcast clouds
667,Payson,US,40.0444,-111.7321,89.26,23,0,12.66,clear sky
668,Yaval,IN,21.1667,75.7,81.95,78,100,8.05,overcast clouds
669,Jacareacanga,BR,-6.2222,-57.7528,74.64,70,11,1.25,few clouds
670,Bubaque,GW,11.2833,-15.8333,81.25,79,100,10.07,overcast clouds
671,Sayan,PE,-11.1361,-77.1933,64.42,68,17,1.68,few clouds
672,Foundiougne,SN,14.1333,-16.4667,81.63,65,93,10.0,overcast clouds
673,Dalvik,IS,65.9702,-18.5286,40.12,89,100,0.96,overcast clouds
674,Najran,SA,17.4924,44.1277,80.98,15,100,4.23,overcast clouds
675,Semey,KZ,50.4111,80.2275,80.82,47,40,6.71,scattered clouds
676,Ekhabi,RU,53.5102,142.9671,50.22,82,100,12.35,overcast clouds
677,Kamarion,GR,36.8,25.8167,72.09,83,0,20.76,clear sky
678,Maragogi,BR,-9.0122,-35.2225,73.89,90,63,8.5,broken clouds
679,Umm Lajj,SA,25.0213,37.2685,81.34,59,0,7.99,clear sky
680,Serov,RU,59.6033,60.5787,44.71,77,82,6.78,broken clouds
681,Vargem Grande,BR,-3.5431,-43.9158,72.57,74,20,1.77,few clouds
682,Finnsnes,NO,69.2296,17.9811,57.81,71,100,4.76,light rain
683,Fallon,US,39.4735,-118.7774,96.67,8,0,6.91,clear sky
684,North Bend,US,43.4065,-124.2243,83.25,78,0,13.8,clear sky
685,Mouzouras,GR,35.5333,24.15,75.2,78,0,0.0,clear sky
686,Bud,US,39.447,-86.1758,78.82,54,99,11.14,overcast clouds
687,Rio Verde De Mato Grosso,BR,-18.9181,-54.8442,68.7,52,55,5.12,broken clouds
688,Ahuimanu,US,21.4447,-157.8378,85.14,56,100,14.97,overcast clouds
689,Haimen,CN,23.1935,116.6142,84.02,76,10,3.89,clear sky
690,Loralai,PK,30.3705,68.598,79.68,28,4,0.96,clear sky
691,Iquitos,PE,-3.7481,-73.2472,75.24,94,40,3.44,scattered clouds
692,Kendari,ID,-3.945,122.4989,79.11,87,61,1.3,broken clouds
693,Dongsheng,CN,39.8161,109.9776,69.24,51,84,4.21,broken clouds
694,Acarau,BR,-2.8856,-40.12,77.5,86,16,9.31,few clouds
695,Cloquet,US,46.7216,-92.4594,66.38,49,90,16.11,overcast clouds
696,La Macarena,CO,2.1837,-73.7849,67.68,98,100,1.97,overcast clouds
697,San Quintin,MX,30.4833,-115.95,73.17,66,15,9.08,few clouds
698,Arman,RU,59.7,150.1667,66.02,80,39,6.44,scattered clouds
699,High Level,CA,58.5169,-117.136,65.75,38,100,8.75,overcast clouds
700,Port Moresby,PG,-9.4431,147.1797,83.07,69,98,4.47,overcast clouds
701,Maxcanu,MX,20.5833,-89.9833,81.28,62,21,7.63,few clouds
702,Maningrida,AU,-12.0667,134.2667,83.98,53,33,16.42,scattered clouds
703,Nara,JP,34.6851,135.8049,90.97,44,89,4.97,overcast clouds
704,Aizkraukle,LV,56.6048,25.2553,68.07,83,84,3.91,broken clouds
705,Kysyl-Syr,RU,63.8986,122.7617,70.5,74,71,8.81,light rain
706,Marfino,RU,55.7028,37.3822,68.34,68,0,4.47,clear sky
707,Iquique,CL,-20.2208,-70.1431,60.84,72,14,0.94,few clouds
708,Wiwili,NI,13.6268,-85.8254,74.98,83,100,4.34,overcast clouds
709,Batemans Bay,AU,-35.7167,150.1833,54.1,47,2,10.27,clear sky
710,Rypefjord,NO,70.6333,23.6667,61.27,51,0,2.3,clear sky
711,Starogard Gdanski,PL,53.964,18.5264,65.1,100,0,4.99,clear sky
712,Melfi,IT,40.9965,15.6514,71.26,49,9,5.82,clear sky
